holdout_year,mae_musd,rmse_musd,mape
2025,11233.843475093736,13245.06294078183,0.04566903735139888
